id;Unidade
1;Peça
10;Peça
100;Peça
1000;Par
1001;Par
1002;Par
1003;Par
1004;Par
1005;Peça
1006;Par
1007;Peça
1008;Peça
1009;Peça
101;Peça
1010;Peça
1011;Peça
1012;Peça
1013;Peça
1014;Peça
1015;Peça
1016;Peça
1017;Peça
1018;Par
1019;Par
102;Peça
1020;Par
1021;Peça
1022;Par
1023;Peça
1024;Peça
1025;Peça
1026;Peça
1027;Peça
1028;Peça
1029;Peça
103;Peça
1030;Peça
1031;Peça
1032;Metro
1033;Peça
1034;Peça
1035;Metro
1036;Metro
1037;Peça
1038;Peça
1039;Metro
104;Peça
1040;Peça
1041;Peça
1042;Metro
1043;Metro
1044;Metro
1045;Metro
1046;Metro
1047;Peça
1048;Peça
1049;Metro
105;Kit
1050;Metro
1051;Metro
1052;Metro
1053;Peça
1054;Metro
1055;Metro
1056;Peça
1057;Peça
1058;Metro
1059;Metro
106;Peça
1060;Peça
1061;Metro
1062;Metro
1063;Metro
1064;Metro
1065;Peça
1066;Peça
1067;Peça
1068;Peça
1069;Metro
107;Rolo
1070;Metro
1071;Metro
1072;Peça
1073;Peça
1074;Peça
1075;Peça
1076;Peça
1077;Peça
1078;Peça
1079;Peça
108;CR
1080;Peça
1081;Peça
1082;Peça
1083;Peça
1084;Peça
1085;Peça
1086;Metro
1087;Peça
1088;Metro
1089;Metro
109;CR
1090;Peça
1091;Peça
1092;Peça
1093;Peça
1094;Peça
1095;Peça
1096;Peça
1097;Peça
1098;Peça
1099;Peça
11;Peça
110;Peça
1100;Peça
1101;Peça
1102;Peça
1103;Peça
1104;Peça
1105;Peça
1106;Peça
1107;Peça
1108;Peça
1109;Peça
111;Peça
1110;Peça
1111;Peça
1112;Peça
1113;Peça
1114;Peça
1115;Peça
1116;Peça
1117;Peça
1118;Peça
1119;Peça
112;Peça
1120;Peça
1121;Peça
1122;Peça
1123;Peça
1124;Peça
1125;Peça
1126;Peça
1127;Peça
1128;Peça
1129;Peça
113;Peça
1130;Peça
1131;Peça
1132;Peça
1133;Peça
1134;Peça
1135;Peça
1136;Peça
1137;Peça
1138;Metro
1139;Peça
114;Peça
1140;Peça
1141;Peça
1142;Peça
1143;Peça
1144;Peça
1145;Peça
1146;Peça
1147;Peça
1148;Peça
1149;Peça
115;Peça
1150;Peça
1151;Peça
1152;Peça
1153;Par
1154;Par
1155;Par
1156;Par
1157;Peça
1158;Peça
1159;Peça
116;Peça
1160;Peça
1161;Peça
1162;Peça
1163;Peça
1164;Peça
1165;Peça
1166;Peça
1167;Peça
1168;Peça
1169;Peça
117;Peça
1170;Peça
1171;Peça
1172;Peça
1173;Peça
1174;Peça
1175;Peça
1176;Peça
1177;Peça
1178;Peça
118;Peça
1180;Peça
1181;Metro
1182;Metro
1183;Metro
1184;Peça
1185;Peça
1186;Peça
1187;Peça
1188;Metro
1189;Peça
119;Peça
1190;Peça
1191;Peça
1192;Peça
1193;Peça
1194;Peça
1195;Peça
1196;Peça
1197;Peça
1198;Peça
1199;Peça
12;Peça
120;Peça
1200;Peça
1201;Peça
1202;Peça
1203;Peça
1204;Peça
1205;Peça
1206;Peça
1207;Peça
1208;Peça
1209;Peça
121;Rolo
1210;Peça
1211;Peça
1212;Peça
1213;Peça
1214;Peça
1215;Peça
1216;Metro
1217;Peça
1218;Metro
1219;Metro
122;Rolo
1220;Peça
1221;Peça
1222;Peça
1223;Peça
1224;Peça
1225;Peça
1226;Peça
1227;Peça
1228;Metro
1229;Peça
123;Rolo
1230;Peça
1231;Peça
1232;Peça
1233;Peça
1234;Peça
1235;Peça
1236;Peça
1237;Peça
1238;Peça
1239;Peça
124;CR
1240;Peça
1241;Metro
1242;Metro
1243;Peça
1244;Peça
1245;Peça
1246;Peça
1247;Peça
1248;Peça
1249;Peça
125;CR
1250;Peça
1251;Peça
1252;Peça
1253;Peça
1254;Peça
1255;Peça
1256;Peça
1257;Peça
1258;Peça
1259;Peça
126;Peça
1260;Peça
1261;Par
1262;Peça
1263;Peça
1264;Peça
1265;Peça
1266;Peça
1267;Peça
1268;Peça
1269;Peça
127;Peça
1270;Peça
1271;Peça
1272;Peça
1273;Peça
1274;Peça
1275;Peça
1276;Peça
1277;Peça
1278;Peça
1279;Metro
128;Peça
1280;Metro
1281;Metro
1282;Metro
1283;Metro
1284;Peça
1285;Peça
1286;Metro
1287;Peça
1288;Peça
1289;Peça
129;CR
1290;Peça
1291;Peça
1292;Peça
1293;Peça
1294;Peça
1295;Peça
1296;Peça
1297;Peça
1298;Caixa
1299;Peça
13;Peça
130;Rolo
1300;Peça
1301;Caixa
1302;Peça
1303;Peça
1304;Peça
1305;Peça
1306;Peça
1307;Peça
1308;Peça
1309;Peça
131;Rolo
1310;Peça
1311;Peça
1312;Peça
1313;Peça
1314;Peça
1315;Peça
1316;Peça
1317;Peça
1318;Par
1319;Par
132;Rolo
1320;Peça
1321;Peça
1322;Peça
1323;Peça
1324;Peça
1325;Peça
1326;Peça
1327;Peça
1328;Peça
1329;Peça
133;Rolo
1330;Peça
1331;Peça
1332;Peça
1333;Peça
1334;Peça
1335;Peça
1336;Peça
1337;Peça
1338;Peça
1339;Peça
134;Rolo
1340;Metro
1341;Metro
1342;Peça
1343;Metro
1344;Peça
1345;Peça
1346;Peça
1347;Peça
1348;Peça
1349;Peça
135;Rolo
1350;Peça
1351;Peça
1352;Peça
1353;Peça
1354;Peça
1355;Peça
1356;Metro
1357;Peça
1358;Peça
1359;Peça
1360;Peça
1361;Peça
1362;Peça
1363;Peça
1364;Peça
1365;Peça
1366;Peça
1367;Peça
1368;Peça
1369;Peça
1370;Peça
1371;Peça
1372;Metro
1373;Peça
1374;Peça
1375;Peça
1376;Peça
1377;Peça
1378;Peça
1379;Metro
1380;Peça
1381;Peça
1382;Peça
1383;Peça
1384;Peça
1385;Par
1386;Peça
1387;Peça
1388;Peça
1389;Peça
1390;Peça
1391;Peça
1392;Peça
1393;Metro
1394;Peça
1395;Peça
1396;Peça
1397;Peça
1398;Metro
1399;Metro
14;Peça
1400;Metro
1401;Metro
1402;Peça
1403;Peça
1404;Peça
1405;Peça
1406;Par
1407;Peça
1408;Unidade
1409;Peça
1410;Metro
1411;Metro
1412;Peça
1413;Metro
1414;Peça
1415;Peça
1416;Peça
1417;Peça
1418;Peça
1419;Peça
1420;Peça
1421;Peça
1422;Peça
1423;Peça
1424;Peça
1425;Peça
1426;Peça
1427;Peça
1428;Peça
1429;Peça
1430;Peça
1450;Peça
1451;Peça
15;Peça
150;Peça
1500;Peça
1501;Peça
1502;Peça
1503;Peça
1504;Peça
1505;Peça
1506;Peça
1507;Peça
1508;Peça
1509;Peça
151;Peça
1510;Peça
1511;Peça
1512;Peça
1513;Peça
1514;Peça
1515;Peça
1516;Peça
1517;Peça
1518;Peça
1519;Peça
152;Peça
1520;Peça
1521;Peça
1522;Peça
1523;Peça
1524;Metro
1525;Metro
1526;Metro
1527;Peça
1528;Peça
1529;Peça
153;Peça
1530;Peça
1531;Peça
1532;Peça
1533;Peça
1534;Peça
1535;Peça
1536;Peça
1537;Peça
1538;Peça
1539;Peça
154;Peça
1540;Peça
1541;Peça
1542;Peça
1543;Peça
1544;Peça
1545;Peça
1546;Peça
1547;Peça
1548;Peça
1549;Peça
155;Peça
1550;Peça
1551;Unidade
1552;Peça
1553;Peça
1554;Peça
1555;Peça
1556;Peça
1557;Peça
1558;Peça
1559;Peça
156;Par
1560;Peça
1561;Peça
1562;Peça
1563;Peça
1564;Peça
1565;Peça
1566;Peça
1567;Peça
1568;Peça
1569;Peça
157;Peça
1570;Peça
1571;Peça
1572;Peça
1573;Peça
1574;Peça
1575;Peça
1576;Peça
1577;Peça
1578;Peça
1579;Peça
158;Peça
1580;Peça
1581;Peça
1582;Peça
1583;Peça
1584;Peça
1585;Metro
1586;Metro
1587;Peça
1588;Peça
1589;Peça
159;Peça
1590;Peça
1591;Peça
1592;Peça
1593;Peça
1594;Peça
1595;Peça
1596;Peça
1597;Peça
1598;Peça
1599;Peça
16;Peça
160;Peça
1600;Peça
1601;Peça
1602;Peça
1603;Metro
1604;Peça
1605;Peça
1606;Peça
1607;Peça
1608;Peça
1609;Peça
161;Peça
1610;Peça
1611;Peça
1612;Peça
1613;Peça
1614;Peça
1615;Peça
1616;Peça
1617;Peça
1618;Peça
1619;Peça
162;Peça
1620;Peça
1621;Peça
1622;Peça
1623;Peça
1624;Peça
1625;Peça
1626;Peça
1630;Peça
1631;Peça
1632;Peça
165;Peça
166;Peça
167;Peça
168;Peça
169;Peça
17;Peça
170;Peça
1700;Peça
1701;Peça
1710;Peça
1711;Peça
1712;Peça
1713;Peça
1714;Peça
1715;Peça
1716;Peça
1717;Peça
1718;Peça
1719;Peça
1720;Peça
1721;Peça
1722;Peça
1723;Peça
1724;Peça
1725;Peça
1726;Peça
1727;Peça
18;Peça
180;Peça
1800;Peça
1801;Peça
1802;Peça
1803;Peça
1804;Peça
1805;Peça
1806;Peça
1807;Peça
1808;Peça
1809;Peça
181;Peça
1810;Peça
1811;Peça
1812;Peça
1813;Peça
1814;Peça
1815;Peça
1816;Peça
1817;Peça
1818;Peça
1819;Peça
182;Peça
1820;Peça
1821;Peça
1822;Peça
1823;Peça
1824;Peça
1825;Peça
1826;Peça
1827;Peça
1830;Peça
1831;Peça
1832;Peça
1833;Peça
1834;Peça
1835;Peça
1836;Peça
1837;Peça
1838;Peça
1839;Peça
1840;Peça
1841;Peça
1842;Peça
1843;Peça
1844;Peça
1845;Peça
1849;Peça
1850;
1851;
1852;Par
1853;Peça
1854;KM
1855;Par
1856;Par
1857;ROLO
1858;ROLO
1859;ROLO
1860;ROLO
1861;ROLO
1862;ROLO
1863;ROLO
1864;CX
1865;ROLO
1866;ROLO
1867;ROLO
1868;ROLO
1869;ROLO
1870;ROLO
1871;ROLO
1872;ROLO
1873;ROLO
1874;ROLO
1875;ROLO
1876;ROLO
1877;ROLO
1878;ROLO
1879;
1880;ROLO
1881;ROLO
1882;ROLO
1883;ROLO
1884;ROLO
1885;ROLO
1886;ROLO
1887;ROLO
1888;ROLO
1889;ROLO
1890;ROLO
1891;ROLO
1892;ROLO
1893;ROLO
1894;
1895;ROLO
1896;ROLO
1897;ROLO
1898;
19;Peça
1900;Peça
1901;Peça
1902;Peça
1903;Peça
1904;Peça
1905;Peça
1906;Peça
1907;Peça
1908;Peça
1909;Peça
1910;Peça
1911;Peça
1912;Peça
1913;Peça
1914;Peça
1915;Peça
1916;Peça
1917;Peça
1918;Peça
1919;Peça
1920;Peça
1921;Peça
1922;Peça
1923;Peça
1925;Peça
1926;Peça
1927;Peça
1928;Peça
1929;Peça
1930;Peça
1950;Peça
1951;Peça
1952;Peça
1953;Peça
1954;Peça
1955;Peça
1956;Peça
1957;Peça
1958;Peça
1970;Peça
1971;Peça
1972;Peça
1973;Peça
1974;Peça
1975;Peça
1976;Peça
1977;Peça
199;Peça
2;Peça
20;Peça
200;Peça
2000;Peça
2001;Peça
2002;Metro
2003;Metro
2004;Metro
2005;Metro
2006;Peça
2007;Peça
2008;Peça
2009;Peça
201;Peça
2010;Peça
2011;Peça
2012;Peça
2013;Peça
2014;Peça
2015;Peça
2016;Peça
2017;Peça
2018;Peça
2019;Peça
202;Peça
2020;Peça
2021;Peça
2022;Peça
2024;Peça
2025;Peça
2026;Peça
2027;Peça
2028;Peça
2029;Peça
203;Peça
2030;Peça
2031;Peça
2032;Peça
2033;Peça
2034;Peça
2035;Peça
2036;Peça
2037;Peça
2038;Peça
2039;Peça
204;Peça
2040;Peça
2041;Par
2042;Par
2043;Par
2044;Par
2045;Peça
205;Peça
2050;Peça
206;Peça
207;Peça
208;Peça
209;Peça
21;Peça
210;Peça
211;Peça
212;Peça
213;Peça
214;Peça
215;Peça
216;Peça
217;Peça
218;Peça
219;Peça
22;Peça
220;Peça
221;Peça
222;Peça
223;Peça
224;Peça
225;Peça
226;Peça
227;Peça
228;Peça
23;Peça
24;Peça
240;Peça
241;Rolo
242;Rolo
243;Rolo
244;Rolo
245;Rolo
246;Rolo
247;Rolo
248;Rolo
249;Rolo
25;Peça
250;Rolo
2500;Rolo
2501;Rolo
2502;Rolo
2503;Rolo
2504;Rolo
2505;Rolo
2506;Rolo
251;Rolo
26;Rolo
27;Peça
28;Peça
29;Peça
295;Peça
296;Rolo
3;Peça
30;Peça
300;Peça
3000;Peça
3001;Peça
3002;Peça
3003;Peça
3004;Peça
3005;Peça
3006;Peça
3007;Peça
3008;Peça
3009;Peça
301;Peça
3010;Peça
3011;Peça
3012;Peça
3013;Peça
3014;Peça
3015;Peça
3016;Peça
3017;Peça
3018;Peça
3019;Peça
302;Peça
3020;Peça
3021;Peça
3022;Peça
3023;Peça
3024;Peça
3025;Peça
3026;Peça
3027;Peça
3028;Peça
3029;Peça
303;Peça
3030;Peça
3031;Peça
3032;Peça
3033;Peça
3034;Peça
3035;Peça
3036;Peça
3037;Peça
3038;Peça
3039;Peça
304;Peça
3040;Peça
3041;Peça
3042;Peça
3043;Peça
3044;Peça
3045;Peça
3046;Peça
3047;Peça
305;Peça
306;Peça
307;Peça
308;Peça
309;Peça
31;Peça
310;Par
32;Peça
327;Peça
328;Peça
329;Peça
33;Peça
330;Peça
34;Peça
35;CR
36;Peça
37;Rolo
38;Rolo
39;Rolo
4;Peça
40;Peça
400;Peça
4000;Rolo
4001;Rolo
4002;Rolo
4003;Rolo
4004;Rolo
4005;Rolo
4006;Rolo
4007;Rolo
4008;Rolo
4009;Rolo
401;Peça
4010;Rolo
4011;Rolo
4012;Rolo
4013;Rolo
4014;Rolo
4015;Rolo
4016;Rolo
4017;Rolo
4018;Rolo
4019;Rolo
402;Peça
4020;Rolo
4021;Rolo
4022;Rolo
4023;Rolo
4024;Rolo
4025;Rolo
4026;Rolo
4027;Rolo
4028;Rolo
4029;Rolo
403;Peça
4030;Rolo
4031;Rolo
4032;Rolo
4033;Rolo
4034;Rolo
4035;Rolo
4036;Rolo
4037;Rolo
4038;Rolo
4039;Rolo
404;Peça
4040;Rolo
4041;Rolo
4042;Rolo
4043;Rolo
4044;Rolo
4045;Rolo
4046;Rolo
4047;Rolo
4048;Rolo
4049;Rolo
405;Peça
4050;Rolo
4051;Rolo
4052;Rolo
4053;Rolo
4054;Rolo
4055;Rolo
4056;Peça
4057;Rolo
4058;Rolo
4059;Rolo
406;Peça
4060;Peça
4061;Rolo
4062;Rolo
4063;Rolo
4064;Rolo
4065;Rolo
4066;Rolo
4067;Rolo
4068;Rolo
4069;Rolo
407;Peça
4070;Rolo
4071;Rolo
4072;Rolo
4073;Rolo
4074;Rolo
4075;Rolo
4076;Rolo
4077;Rolo
4078;Rolo
4079;Rolo
408;Peça
4080;Rolo
4081;Rolo
4082;Peça
4083;Rolo
4084;Rolo
4085;Rolo
4086;Rolo
4087;Rolo
4088;Rolo
4089;Rolo
409;Peça
4090;Rolo
4091;Rolo
4092;Rolo
4093;Rolo
4094;Rolo
4095;Rolo
4096;Rolo
4097;Rolo
4098;Rolo
4099;Rolo
41;Peça
410;Peça
4100;Rolo
4101;Rolo
4102;Rolo
4103;Rolo
4104;Rolo
4105;Rolo
4106;Rolo
4107;Rolo
4108;Rolo
4109;Rolo
411;Peça
4110;Rolo
4111;Rolo
4112;Rolo
4113;Rolo
4114;Rolo
4115;Rolo
4116;Rolo
4117;Rolo
4118;Rolo
4119;Rolo
412;Peça
4120;Rolo
4121;Rolo
4122;Rolo
4123;Rolo
4124;Rolo
4125;Rolo
4126;Rolo
4127;Rolo
4128;Rolo
4129;Rolo
413;Peça
4130;Rolo
4131;Rolo
414;Peça
4142;Rolo
4143;Rolo
4144;Rolo
4145;Rolo
415;Peça
416;Peça
417;Peça
418;Peça
419;Peça
42;Peça
420;Peça
43;Peça
430;Rolo
44;CR
45;Peça
4500;Peça
4501;Peça
4502;Peça
4503;Peça
4504;Peça
4505;Peça
4506;Peça
4507;Peça
4508;Peça
4509;Metro
4510;Peça
4511;Unidade
4512;Peça
4513;Peça
4514;Peça
4515;Peça
4516;Peça
4517;Peça
4518;Metro
4519;Peça
4520;Peça
4521;Peça
4522;Peça
4523;Peça
4524;Peça
4525;Peça
4526;Peça
4527;Peça
4528;Peça
4529;Peça
4530;Peça
4531;Peça
4532;Peça
4533;Peça
4534;Peça
4535;Peça
4536;Peça
4537;Peça
4538;Peça
4539;Peça
4540;Peça
4541;Peça
4542;Peça
4543;Peça
4544;Peça
4545;Peça
4546;Unidade
4547;Peça
4548;Unidade
4549;Unidade
4550;Peça
4551;Peça
4552;Peça
4553;Peça
4554;Peça
4555;Peça
4556;Peça
4557;Unidade
4558;Peça
4559;Unidade
4560;Unidade
4561;Unidade
4562;Peça
4563;Peça
4564;Peça
4565;Peça
4566;Peça
4567;Peça
4568;Peça
4569;Peça
4570;Metro
4571;Metro
4572;Metro
4573;Peça
4574;Peça
4575;Peça
4578;Peça
4579;Peça
4580;Peça
46;Peça
47;Peça
48;Peça
49;CR
5;Peça
50;CR
5000;Unidade
5001;Peça
5002;Peça
5003;Peça
5004;Metro
5005;Par
5006;Peça
5007;Metro
5008;Peça
5009;Peça
5010;Peça
5011;Peça
5012;Peça
5013;Peça
5014;Peça
5015;Peça
5016;Peça
5017;Peça
5018;Peça
5019;Peça
5020;Peça
5021;Peça
5022;Peça
5023;Peça
5024;Peça
5025;Peça
5026;Peça
5027;Peça
5028;Peça
5029;Peça
5030;Peça
5031;Peça
5032;Peça
5033;Peça
5034;Peça
5035;Peça
5036;Peça
5037;Peça
5038;Peça
5039;Peça
5040;Peça
5041;Peça
5042;Peça
5043;Peça
5044;Peça
51;Peça
52;Peça
53;Peça
54;CR
55;Peça
56;Peça
57;Par
58;Peça
59;Peça
6;Peça
60;Peça
61;Peça
62;Peça
63;Peça
64;Peça
65;Peça
66;Peça
67;Peça
68;Peça
69;Peça
7;Peça
70;Peça
71;Peça
72;Kit
73;Rolo
74;Rolo
7424;Rolo
75;Peça
76;Peça
77;ROLO
7784;Rolo
78;Peça
8;Peça
80;CR
8000;Peça
8001;Metro
8002;Metro
8003;Metro
8004;Peça
8005;Peça
8006;Peça
8007;Peça
8008;Peça
8009;Peça
8010;Peça
8011;Peça
8012;Peça
8013;Peça
8014;Peça
8015;Peça
8016;Peça
8017;Peça
8018;Peça
8019;Peça
8020;Peça
8021;Peça
8022;Peça
8023;Peça
8024;Peça
8025;Peça
8026;Peça
8027;Peça
8028;Peça
8029;Peça
8030;Peça
8031;Peça
8032;Peça
8033;Peça
8034;Peça
8035;Peça
8036;Peça
8037;Peça
8038;Peça
8039;Peça
8040;Peça
8041;Peça
8042;Peça
8043;Peça
8044;Peça
8045;Peça
8046;Peça
8047;Peça
8048;Metro
8049;Peça
8050;Peça
8051;Peça
8052;Peça
8053;Peça
8054;Par
8055;Par
8056;Par
8057;Par
8058;Peça
8059;Peça
8060;Peça
8061;Peça
8062;Peça
8063;Peça
8064;Peça
8065;Peça
8066;Peça
8067;Peça
8068;Peça
8069;Peça
8070;Peça
8071;Peça
8072;Peça
8073;Peça
8074;Peça
8075;Peça
8076;Peça
8077;Peça
8078;Peça
8079;Peça
8080;Peça
8081;Peça
8082;Peça
8083;Peça
8084;Par
8085;Par
8086;Peça
8087;Peça
8088;Peça
8089;Peça
8090;Peça
8091;Peça
8092;Peça
8093;Peça
8094;Peça
8095;Par
8096;Par
8097;Peça
8098;Peça
8099;Peça
81;CR
8100;Peça
8101;Peça
8102;Peça
8103;Peça
8104;Peça
8105;Peça
8106;Peça
8107;Peça
8108;Peça
8109;Peça
8110;Peça
8111;Peça
8112;Metro
8113;Metro
8114;Metro
8115;Metro
8116;Metro
8117;Metro
8118;Peça
8119;Peça
8120;Metro
8121;Peça
8122;Peça
8123;Peça
8124;Peça
8125;Peça
8126;Peça
8127;Peça
8128;Peça
8129;Peça
8130;Metro
8131;Peça
8132;Peça
8133;Peça
8134;Peça
8135;Metro
8136;Peça
8137;Unidade
8138;Peça
8139;Peça
8140;Peça
8141;Peça
8142;Peça
8143;Peça
8144;Peça
8145;Peça
8146;Peça
8147;Peça
8148;Peça
8149;Peça
8150;Peça
8151;Peça
8152;Peça
8153;Peça
8154;Peça
8155;Peça
8156;Peça
8157;Peça
8158;Peça
8159;Peça
8160;Peça
8161;Peça
8162;Peça
8163;Peça
8164;Peça
8165;Peça
8166;Peça
8167;Peça
8168;Peça
8169;Peça
8170;Peça
8171;Peça
8172;Peça
8173;Peça
8174;Peça
8175;Peça
8176;Peça
8177;Peça
8178;Peça
8179;Peça
8180;Peça
8181;Peça
8182;Peça
8183;Peça
8184;Peça
8185;Peça
8186;Peça
8187;Peça
8188;Peça
8189;Peça
8190;Peça
8191;Peça
8192;Peça
8193;Peça
8194;Metro
8195;Peça
8196;Peça
8197;Peça
8198;Peça
8199;Peça
82;CR
8200;Peça
8201;Peça
8202;Peça
8203;Peça
8204;Peça
8205;Peça
8206;Peça
8207;Peça
8208;Peça
8209;Unidade
8210;Peça
8211;Metro
8212;Metro
8213;Metro
8214;Peça
8215;Peça
8216;Par
8217;Metro
8218;Peça
8219;Peça
8220;Peça
8221;Peça
8222;Peça
8223;Peça
8224;Peça
8225;Par
8226;Peça
8227;Peça
8228;Peça
8229;Peça
8230;Peça
8231;Peça
8232;Peça
8233;Peça
8234;Par
8235;Peça
8236;Peça
8237;Peça
8238;Peça
8239;Peça
8240;Peça
8241;Peça
8242;Peça
8243;Peça
8244;Peça
8245;Peça
8246;Peça
8247;Peça
8248;Peça
8249;Peça
8250;Peça
8251;Peça
8252;Peça
8253;Peça
8254;Peça
8255;Peça
8256;Peça
8257;Peça
8258;Peça
8259;Peça
8260;Peça
8261;Peça
8262;Par
8263;Peça
8264;Peça
8265;Peça
8266;Peça
8267;Peça
8268;Peça
8269;Peça
8270;Peça
8271;Metro
8272;Metro
8273;Unidade
8274;Peça
8275;Peça
8276;Peça
8277;Peça
8278;Peça
8279;Peça
8280;Peça
8281;Peça
8282;Peça
8283;Peça
8284;Peça
8285;Peça
8286;Metro
8287;Metro
8288;Peça
8289;Rolo
8290;Rolo
8291;Rolo
8292;Peça
8293;Peça
8294;Peça
8295;Peça
8296;Peça
8297;Peça
8298;Peça
8299;Peça
83;CR
8300;Peça
8301;Peça
8302;Peça
8303;Peça
8304;Peça
8305;Peça
8306;Peça
8307;Peça
8308;Peça
8309;Peça
8310;Peça
8311;Peça
8312;Peça
8313;Peça
8314;Peça
8315;Peça
8316;Peça
8317;Peça
8318;Peça
8319;Peça
8320;Peça
8321;Peça
8322;Peça
8323;Peça
8324;Peça
8325;Metro
8326;Peça
8327;Peça
8328;Peça
8329;Peça
8330;Peça
8331;Peça
8332;Rolo
8333;Peça
8334;Peça
8335;Peça
8336;Peça
8337;Peça
8338;Peça
8339;Peça
8340;Peça
8341;Peça
8342;Peça
8343;Peça
8344;Peça
8345;Peça
8346;Peça
8347;Peça
8348;Metro
8349;Peça
8350;Peça
8351;Peça
8352;Peça
8353;Peça
8354;Peça
8355;Peça
8356;Peça
8357;Peça
8358;Peça
8359;Peça
8360;Peça
8361;Peça
8362;Peça
8363;Peça
8364;Peça
8365;Peça
8366;Peça
8367;Peça
8368;Peça
8369;Peça
8370;Peça
8371;Peça
8372;Peça
8373;Peça
8374;Peça
8375;Peça
8376;Peça
8377;Peça
8378;Rolo
8379;Rolo
8380;Rolo
8381;Peça
8382;Peça
8383;Peça
8384;Peça
8385;Peça
8386;Peça
8387;Peça
8388;Peça
8389;Peça
8390;Peça
8391;Peça
8392;Peça
8393;Peça
8394;Peça
8395;Peça
8396;Peça
8397;Peça
8398;Peça
8399;Peça
84;CR
8400;Peça
8401;Peça
8402;Peça
8403;Peça
8404;Peça
8405;Peça
8406;Peça
8407;Peça
8408;Peça
8409;Peça
8410;Peça
8411;Peça
8412;Par
8413;Par
8414;Rolo
8415;Rolo
8416;Rolo
8417;Rolo
8418;Rolo
8419;Rolo
8420;Rolo
8421;Peça
8422;Par
8423;Metro
8424;Peça
8425;Peça
8426;Peça
8427;Peça
8428;Peça
8429;Peça
8430;Peça
8431;Peça
8432;Peça
8433;Peça
8434;Peça
8435;Peça
8436;Peça
8437;Peça
8438;Peça
8439;Peça
8440;Peça
8441;Peça
8442;Peça
8443;Peça
8444;Peça
8445;Unidade
8446;Peça
8447;Unidade
8448;Unidade
8449;Unidade
8450;Unidade
8451;Peça
8452;Peça
8453;Peça
8454;Peça
8455;Peça
8456;Unidade
8457;Peça
8458;Unidade
8459;Unidade
8460;Peça
8461;Peça
8462;Peça
8463;Metro
8464;Peça
8465;Peça
8466;Peça
8467;Peça
8468;Peça
8469;Peça
8470;Peça
8471;Peça
8472;Peça
8473;Peça
8474;Peça
8475;Peça
8476;Peça
8477;Peça
8478;Peça
8479;ROLO
8480;ROLO
8481;Peça
8482;Metro
8483;Metro
8484;ROLO
8485;Peça
8486;Peça
8487;Metro
8488;ROLO
8489;Peça
8490;Metro
8491;Metro
8492;Metro
8493;Peça
8494;Peça
8495;Peça
8496;Peça
8497;Metro
8498;Peça
8499;Peça
85;Peça
8500;Metro
8501;Peça
8502;Metro
8503;Metro
8504;Metro
8505;Peça
8506;Peça
8507;Metro
8508;Peça
8509;Peça
8510;Peça
8511;Peça
8512;Peça
8513;Peça
8514;Peça
8515;Peça
8516;Unidade
8517;Unidade
8518;Unidade
8519;Peça
8520;Peça
8521;Peça
8522;Peça
8523;Peça
8524;Peça
8525;Peça
8526;Peça
8527;Peça
8528;Unidade
8529;Peça
8530;Peça
8531;Peça
8532;Peça
8533;Peça
8534;Peça
8535;Peça
8536;Peça
8537;Peça
8538;Peça
8539;Peça
8540;Peça
8541;Peça
8542;Peça
8543;Peça
8544;Peça
8545;Peça
8546;Peça
8547;Peça
8548;Peça
8549;Peça
8550;Peça
8551;Peça
8552;Peça
8553;Metro
8554;Peça
8555;Peça
8556;Peça
8557;Peça
8558;Peça
8559;Peça
8560;Peça
8561;Peça
8562;Peça
8563;Peça
8564;Peça
8565;Peça
8566;Peça
8567;Peça
8568;Peça
8569;Peça
8570;Peça
8571;Peça
8572;Peça
8573;Peça
8574;Peça
8575;Peça
8576;Peça
8577;Peça
8578;Peça
8579;Peça
8580;Peça
8581;Peça
8582;Peça
8583;Peça
8584;Peça
8585;Peça
8586;Peça
8587;Peça
8588;Peça
8589;Peça
8590;Peça
8591;Peça
8592;Peça
8593;Peça
8594;Unidade
8595;Peça
8596;Peça
8597;Peça
8598;Unidade
8599;Unidade
86;CR
8600;Unidade
8601;Unidade
8602;Unidade
8603;Unidade
8604;Unidade
8605;Unidade
8606;Unidade
8607;Unidade
8608;Peça
8609;Peça
8610;Peça
8611;Peça
8612;Peça
8613;Peça
8614;Peça
8615;Peça
8616;Peça
8617;Peça
8618;Peça
8619;Peça
8620;Peça
8621;Peça
8622;Peça
8623;Peça
8624;Peça
8625;Peça
8626;Peça
8627;Peça
8628;Peça
8629;Peça
8630;Peça
8631;Peça
8632;Peça
8633;Peça
8634;Peça
8635;Peça
8636;Peça
8637;Peça
8638;Peça
8639;Peça
8640;Peça
8641;Peça
8642;Peça
8643;Peça
8644;Peça
8645;Peça
8646;Peça
8647;Peça
8648;Peça
8649;Peça
8650;Peça
8651;Peça
8652;Peça
8653;Peça
8654;Peça
8655;Peça
8656;Peça
8657;Peça
8658;Peça
8659;Peça
8660;Peça
8661;Peça
8662;Peça
8663;Peça
8664;Peça
8665;Peça
8666;Peça
8667;Peça
8668;Peça
8669;Peça
8670;Peça
8671;Peça
8672;Peça
8673;Peça
8674;Peça
8675;Peça
8676;Peça
8677;Peça
8678;Peça
8679;Peça
8680;Peça
8681;Peça
8682;Peça
8683;Peça
8684;Peça
8685;Peça
8686;Peça
8687;Peça
8688;Peça
8689;Peça
8690;Peça
8691;Peça
8692;Peça
8693;Peça
8694;Peça
8695;Peça
8696;Peça
8697;Peça
8698;Peça
8699;Peça
87;Rolo
8701;Rolo
8702;Rolo
8703;Peça
8704;Peça
8705;Peça
8706;Peça
8707;Peça
8710;Peça
8711;Rolo
8712;Peça
8713;Peça
8714;Rolo
8715;Peça
8716;Metro
8717;Metro
8718;Metro
8719;Metro
8720;Peça
8721;Peça
8722;Peça
8723;Peça
8724;Peça
8725;Peça
8726;Peça
8727;Metro
8728;Metro
8729;Peça
8730;Peça
8731;Peça
8732;Peça
8733;Peça
8734;Metro
8735;Peça
8736;Peça
8737;Peça
8738;Peça
8739;Peça
8740;Peça
8741;Peça
8742;Peça
8743;Peça
8744;Peça
8745;Peça
8746;Peça
8747;Peça
8748;Peça
8749;Peça
8750;Peça
8751;Peça
8752;Peça
8753;Peça
8754;Peça
8755;Peça
8756;Peça
8757;Peça
8758;Peça
8759;Peça
8760;Peça
8761;Peça
8762;Peça
8763;Peça
8766;Peça
8767;Peça
8768;Rolo
8769;Rolo
8770;Rolo
8771;Rolo
8772;Peça
8773;Peça
8774;Peça
8775;Peça
8776;Peça
8777;Peça
8778;Peça
8779;Peça
8780;Peça
8781;Peça
8782;Peça
8783;Peça
8784;Peça
8785;Peça
8786;Peça
8787;Peça
8788;Peça
8789;Peça
8790;Peça
8791;Peça
8792;Peça
8793;Rolo
8794;Rolo
8795;Metro
8796;Peça
8797;Peça
8798;Unidade
8799;Peça
88;CR
8800;Peça
8803;Peça
8804;Peça
8805;Peça
8806;Peça
8807;Peça
8808;Peça
8809;Peça
8810;Peça
8811;Peça
8812;Peça
8813;Peça
8814;Peça
8815;Peça
8816;Peça
8817;Metro
8818;Peça
8819;Peça
8820;Peça
8821;Metro
8822;Peça
8823;Peça
8824;Peça
8825;Peça
8826;Peça
8827;Peça
8828;Peça
8829;Rolo
8830;Rolo
8831;Peça
8832;Peça
8833;Peça
8834;Rolo
8835;Rolo
8836;Peça
8837;Peça
8838;Peça
8839;Peça
8840;Peça
8841;Peça
8842;Peça
8843;Peça
8844;Peça
8845;Peça
8846;Peça
8847;Peça
8848;Peça
8849;Peça
8850;Peça
8851;Peça
8852;Peça
8853;Peça
8854;Peça
8855;Peça
8856;Peça
8857;Peça
8858;Peça
8859;Peça
8860;Peça
8861;Peça
8862;Peça
8863;Peça
8864;Peça
8865;Peça
8866;Peça
8867;ROLO
8868;ROLO
8869;ROLO
8870;ROLO
8871;Peça
8872;Peça
8873;Peça
8874;Peça
8875;Peça
8876;Peça
8877;Peça
8878;Peça
8879;Peça
8880;Peça
8881;Peça
8882;Peça
8883;Rolo
8884;Peça
8885;Peça
8886;Peça
8887;Peça
8888;Peça
8889;Peça
8890;Peça
8891;Peça
8892;Peça
8893;Peça
8894;Peça
8895;Peça
8896;Peça
8897;Peça
8898;Peça
8899;Peça
89;Par
8900;Peça
8901;Peça
8902;Peça
8903;Peça
8904;Peça
8905;Peça
8906;Peça
8907;Peça
8908;Peça
8909;Peça
8910;Peça
8911;Peça
8912;Peça
8913;Peça
8914;Peça
8915;Peça
8916;Peça
8917;Peça
8918;Peça
8919;Peça
8920;Peça
8921;Peça
8922;Peça
8923;Peça
8924;Peça
8925;Peça
8926;Peça
8927;Peça
8928;Peça
8929;Peça
8930;Peça
8931;Peça
8932;Peça
8933;Peça
8934;Peça
8935;Peça
8936;Peça
8937;Peça
8938;Peça
8939;Peça
8940;Peça
8941;Peça
8942;Peça
8943;Unidade
8944;Unidade
8945;Peça
8946;Unidade
8947;Peça
8948;Unidade
8949;Peça
8950;Peça
8951;Peça
8952;Peça
8953;Peça
8954;Peça
8955;Peça
8956;Peça
8957;Peça
8958;Peça
8959;Peça
8960;Peça
8961;Peça
8962;Peça
8963;Peça
8969;Rolo
8970;Rolo
8971;Rolo
8972;Peça
8973;Unidade
8974;Unidade
8975;Rolo
8976;Rolo
8977;Rolo
8978;Peça
8979;Peça
8980;Peça
8981;Peça
8982;Peça
8983;Peça
8984;Peça
8985;Peça
8986;Peça
8987;Peça
8988;Peça
9;Peça
90;Peça
91;Peça
92;Kit
93;Peça
94;Peça
95;Rolo
96;Peça
97;Peça
98;Peça
99;CR
COD.1860;ROLO
EL32233001200180;Peça
EL32233001202180;Peça
EL32273004805183;Peça
EL33073003400180PT;Peça
LA-8029-6W;Peça
SERV_0;Outra
STH4871;Peça
